original_row_num,url,crawl_time,crawl_status,error_msg,api,package,language,deprecated_in,removed_in,replaced_by,change_type,reason,source
34,https://www.boost.org/library/latest/coroutine2/,2025-11-03 16:32:14,success,,boost.coroutine2,Boost,C++,1.59.0,,boost.coroutine2,API Deprecation,boost.coroutine2 was introduced as the successor of boost.coroutine to provide support for C++11 and offer enhanced coroutine functionality. The older boost.coroutine was deprecated due to lack of modern language support and maintenance.,https://www.boost.org/doc/libs/latest/libs/coroutine2/index.html
33,https://www.boost.org/library/latest/coroutine/,2025-11-03 16:32:13,success,,boost.coroutine,Boost.Coroutine,C++,1.53.0,,boost.coroutine2,API Deprecation,"boost.coroutine is deprecated, and boost.coroutine2 is its successor. The upgrade ensures compatibility with modern C++ standards, as boost.coroutine is meant for pre-C++11 use cases.",https://www.boost.org/doc/libs/latest/libs/coroutine/index.html
36,https://www.boost.org/library/latest/date_time/,2025-11-03 16:32:16,success,,Boost.DateTime,Boost C++ Libraries,C++,,1.89.0,Header-only implementation,API Removal,The built library is now considered legacy for backward compatibility and contains no symbols. The API has transitioned to a header-only implementation to simplify usage and improve maintainability.,https://www.boost.org/doc/libs/latest/libs/date_time/index.html
47,https://www.boost.org/library/latest/foreach/,2025-11-03 16:32:24,success,,BOOST_FOREACH,Boost.Foreach,C++,,,std::for_each(),Behavior Change,BOOST_FOREACH provides a more concise and readable loop construct compared to using traditional iterators or std::for_each() for iterating over sequences. The change was introduced to simplify the process of writing loops in C++ and to improve code readability.,www.boost.org/doc/libs/latest/libs/foreach/index.html
49,https://www.boost.org/library/latest/function/,2025-11-03 16:32:28,success,,boost::function,Boost.Function,C++,1.23.0,,std::function,API Deprecation,"boost::function was replaced by std::function as it was accepted into the C++11 standard, providing more modern and standardized functionality.",https://www.boost.org/doc/libs/latest/libs/function/index.html
83,https://www.boost.org/library/latest/log/,2025-11-03 16:32:55,success,,Boost.Log,Boost C++ Libraries,C++,,1.89.0,,API Removal,"The 'Random' dependency was removed from Boost.Log in version 1.89.0, likely due to performance or architectural improvements.",www.boost.org/doc/libs/latest/libs/log/index.html
97,https://www.boost.org/library/latest/mysql/,2025-11-03 16:33:06,success,,Boost.MySQL,Boost,C++,1.85.0,,,API Deprecation,"Boost.MySQL started requiring linking with Boost.Charconv, which is a compiled library. This was introduced to resolve linking issues and improve integration with other Boost libraries.",https://www.boost.org/doc/libs/latest/libs/mysql/index.html
98,https://www.boost.org/library/latest/nowide/,2025-11-03 16:33:07,success,,Boost.Nowide,Boost,C++,1.73.0,,,,,https://www.boost.org/doc/libs/latest/libs/nowide/index.html
130,https://www.boost.org/library/latest/utilityresult_of/,2025-11-03 16:33:38,success,,Boost.ResultOf,Boost.Utility,C++,1.73.0,1.75.0,std::invoke_result,API Deprecation,"Boost.ResultOf was deprecated due to the availability of the C++11 standard library feature `std::invoke_result`, which provides similar functionality and ensures compatibility with modern C++ standards.",www.boost.org/doc/libs/latest/libs/utility/doc/html/utility/utilities/result_of.html
141,https://www.boost.org/library/latest/static_assert/,2025-11-03 16:33:48,success,,Boost.StaticAssert,Boost,C++,,,C++ native static_assert,API Deprecation,"Boost.StaticAssert was deprecated due to the introduction of the native `static_assert` feature in modern C++ standards, making the library less vital for current and future compilers.",https://www.boost.org/doc/libs/latest/libs/static_assert/index.html
143,https://www.boost.org/library/latest/stl_interfaces/,2025-11-03 16:33:51,success,,iterator_interface,Boost.StlInterfaces,C++,Boost 1.74.0,,iterator_interface (updated C++20-friendly version),API Deprecation,"Boost.Iterator's iterator_facade and iterator_adaptor were updated to align with modern C++ standards and concepts, providing a cleaner and more maintainable approach to creating iterators.",https://www.boost.org/doc/libs/latest/libs/stl_interfaces/index.html
147,https://www.boost.org/library/latest/system/,2025-11-03 16:33:54,success,,Boost.System (error_code class and facilities),Boost.System,C++,,,<system_error> (standard library implementation),API Enhancement,"Boost.System implementation evolved to include additional functionality beyond the standard <system_error>, such as attaching source locations and the result<T> class.",https://www.boost.org/doc/libs/latest/libs/system/index.html
171,https://www.boost.org/library/latest/winapi/,2025-11-03 16:34:16,success,,Boost.WinAPI,Boost,C++,1.56.0,,,,,https://www.boost.org/doc/libs/latest/libs/winapi/doc/html/index.html
173,https://www.boost.org/library/latest/yap/,2025-11-03 16:34:19,success,,Boost.Yap,Boost,C++14 and later,,,Boost.Proto,Behavior Change,Boost.Yap was designed to address the same problem space as Boost.Proto but uses newer features of C++14 and later to implement expression templates differently.,https://boostorg.github.io/yap
177,https://www.boost.org/doc/libs/latest/libs/any/index.html,2025-11-03 16:34:21,success,,boost::any,Boost C++ Libraries,C++,,,boost::anys::unique_any,API Addition,"The existing `boost::any` API does not support ownership transfer for its values, requiring copy or move constructors for the held type. `boost::anys::unique_any` was added as an alternative with ownership transfer capabilities.",http://www.boost.org/LICENSE_1_0.txt
178,https://www.boost.org/doc/libs/latest/libs/array/index.html,2025-11-03 16:34:22,success,,boost::array,boost,C++,1.88.0,,std::array,API Deprecation,"boost::array is largely redundant with std::array, which has been part of the C++ standard since C++11, offering minimal differences and better standards compliance.",http://www.open-std.org/jtc1/sc22/wg21/docs/papers/2003/n1548.htm
191,https://www.boost.org/doc/libs/latest/libs/circular_buffer/index.html,2025-11-03 16:34:31,success,,boost::circular_buffer,Boost C++ Libraries,C++,,,boost::circular_buffer_space_optimized,Performance Optimization,"The space-optimized version allocates memory as needed, freeing it automatically as the container size decreases, offering more memory efficiency compared to the original circular_buffer.",http://www.boost.org/LICENSE_1_0.txt
186,https://www.boost.org/doc/libs/latest/libs/bloom/index.html,2025-11-03 16:34:30,success,,boost::bloom::filter,Boost.Bloom,C++,1.89,,,API Introduction,Initial release of Boost.Bloom as part of Boost 1.89.,https://www.boost.org/
193,https://www.boost.org/doc/libs/latest/libs/compat/index.html,2025-11-03 16:34:34,success,,bind_back,Boost.Compat,C++,,,N/A (direct C++20 std::bind_back equivalent),New Feature,Implemented to provide support for the C++20 `std::bind_back` functionality for environments that do not support it.,https://www.boost.org/doc/libs/release/libs/compat/doc/html/index.html
196,https://www.boost.org/doc/libs/latest/libs/concept_check/index.html,2025-11-03 16:34:38,success,,Boost Concept Checking Library,Boost,C++,2006 (rewritten with backward compatibility),,Updated syntax similar to proposed concepts in the C++ core language,Behavior Change,"To simplify usage, improve compatibility with proposed C++ standards, and provide better error messages for template instantiation failures.",https://www.boost.org/doc/libs/release/libs/concept_check/doc/html/index.html
199,https://www.boost.org/doc/libs/latest/libs/container_hash/index.html,2025-11-03 16:34:40,success,,boost::hash,Boost.ContainerHash,C++,Boost 1.81.0,,The hash_value free function in the user namespace,API Removal,"The implementation was changed to always call the hash_value function, and the specializations of boost::hash were removed. This ensures consistency and extensibility across all BO-GST-user-defined types.",https://www.boost.org/doc/libs/1_81_0/libs/container_hash/doc/html
203,https://www.boost.org/doc/libs/latest/libs/convert/index.html,2025-11-03 16:34:44,success,,Boost.Convert,Boost C++ Libraries,C++,,,Not applicable (new API created to address limitations in boost::lexical_cast),Performance Optimization,"Boost.Convert was introduced as a new API to enhance flexibility, extend functionality such as formatting and locale support, and address usage limitations of boost::lexical_cast, which was unable to support non-default constructible user types.",http://www.boost.org/LICENSE_1_0.txt
209,https://www.boost.org/doc/libs/latest/libs/describe/index.html,2025-11-03 16:34:48,success,,BOOST_DESCRIBE_ENUM,Boost.Describe,C++,1.78.0,,BOOST_DEFINE_ENUM,API Deprecation,Convenience macros like BOOST_DEFINE_ENUM were introduced as an improved alternative to simplify describing enumeration types.,https://www.boost.org/doc/libs/1_78_0/libs/describe/doc/html/index.html
214,https://www.boost.org/doc/libs/latest/libs/endian/index.html,2025-11-03 16:34:53,success,,endian_arithmetic,boost::endian,C++,1.84.0,,,API Deprecation,"C++03 is no longer supported, requiring C++11 or later for compatibility. The macro `BOOST_ENDIAN_NO_CTORS` can still be used to ensure C++03 POD compliance.",https://www.boost.org/doc/libs/1_84_0/libs/endian/doc/index.html
215,https://www.boost.org/doc/libs/latest/libs/exception/doc/boost-exception.html,2025-11-03 16:34:54,success,,Boost Exception,Boost,C++,,,Boost LEAF,API Deprecation,"Boost LEAF is recommended over Boost Exception for better efficiency, a more elegant interface, and compatibility with legacy code. Boost LEAF works with or without exception handling and supports understanding Boost Exception data structures.",https://www.boost.org/doc/libs/1_75_0/libs/exception/doc/html/index.html
223,https://www.boost.org/doc/libs/latest/libs/functional/factory/index.html,2025-11-03 16:35:01,success,,factory and value_factory,Boost.Functional,C++,Boost 1.58.0,,,Parameter Change,"In Boost 1.58.0, the default parameter for allocators was changed from `boost::none_t` to `void`, intending to remove dependency on Boost.Optional. This change simplified the implementation, allowing allocators not tied to Boost.Optional.",https://www.boost.org/doc/libs/1_72_0/libs/functional/factory/doc/html/index.html
224,https://www.boost.org/doc/libs/latest/libs/functional/forward/index.html,2025-11-03 16:35:02,success,,boost::forward_adapter,Boost.Functional,C++,,,boost::lightweight_forward_adapter,API Deprecation,"To improve performance and usability, by providing better handling for reference wrappers and arity constraints.",http://www.boost.org/LICENSE_1_0.txt
228,https://www.boost.org/doc/libs/latest/libs/geometry/index.html,2025-11-03 16:35:04,success,,Boost.Geometry Spatial Index,Boost C++ Libraries,C++,,,R-tree spatial index,API Optimization,Refined structure for better performance and compatibility,http://www.boost.org/LICENSE_1_0.txt
237,https://www.boost.org/doc/libs/latest/libs/icl/index.html,2025-11-03 16:35:10,success,,Boost.Icl (Interval Container Library),Boost,C++,1.84,1.86,,API Deprecation,C++03 compatibility is deprecated to streamline and modernize library usage for newer versions of C++. C++03 support is no longer required due to widespread adoption of more recent C++ standards.,http://www.boost.org/LICENSE_1_0.txt
239,https://www.boost.org/doc/libs/latest/libs/utility/in_place_factories.html,2025-11-03 16:35:12,success,,in_place_factory,boost.utility,C++,,,typed_in_place_factory,Parameter Change,Differentiation between dynamic types in heterogeneous or polymorphic objects required explicit factory type specification for accurate construction.,http://www.boost.org/LICENSE_1_0.txt
240,https://www.boost.org/doc/libs/latest/libs/integer/index.html,2025-11-03 16:35:15,success,,Standard Integer Types,Boost.Integer,C++,,"unknown (Removed from library, see History section)","Boost.Integer Traits, Integer Type Selection",API Removal,Presumably replaced by more versatile and complete components like integer traits and type selection for generic programming.,https://www.boost.org/LICENSE_1_0.txt
241,https://www.boost.org/doc/libs/latest/libs/interprocess/index.html,2025-11-03 16:35:15,success,,Boost.Interprocess,Boost,C++,"GCC < 4.3, MSVC < 9.0",Next version (post-2024),,API Deprecation,Older versions of GCC and MSVC lack modern compiler support and compatibility with updated Boost features.,http://www.boost.org/LICENSE_1_0.txt
243,https://www.boost.org/doc/libs/latest/libs/intrusive/index.html,2025-11-03 16:35:18,success,,Boost.Intrusive containers,Boost,C++,1.89,Upcoming Version,,API Deprecation,GCC versions < 4.3 and MSVC versions < 9.0 are deprecated due to compatibility and performance concerns. The removal is planned to ensure continued support for modern compilers.,http://www.boost.org/LICENSE_1_0.txt
244,https://www.boost.org/doc/libs/latest/libs/io/doc/html/io.html,2025-11-03 16:35:19,success,,ios_flags_saver,Boost.IO,C++,2019-12-20,,,Behavior Change,Saver classes made non-copyable to improve performance and safety.,https://www.boost.org/doc/libs/release/libs/io/
246,https://www.boost.org/doc/libs/latest/libs/iterator/index.html,2025-11-03 16:35:23,success,,Boost Iterator Adaptor Library,Boost.Iterator,C++,Boost.Iterator (initial release),"Boost.Iterator (rewritten version, post-2003)",Boost Iterator Library,API Deprecation,"The older Boost Iterator Adaptor library had several shortcomings, such as limited functionality and difficulty for finer control. The new Boost.Iterator library rewrite addressed these issues by moving core operations into the iterator class itself, using the CRTP design pattern.",https://www.boost.org/doc/libs
242,https://www.boost.org/doc/libs/latest/libs/numeric/interval/doc/interval.htm,2025-11-03 16:35:17,success,,boost::numeric::interval,Boost Interval Arithmetic Library,C++,Previous versions (specific version not mentioned),,Updated policies and template-based design,API Deprecation,"The library introduced policies for better customization and support for user-defined types. Previous functions like pred and succ, which were used for operations such as enlarging intervals, were eliminated after updating the implementation with rounding policies. This approach allowed tighter intervals and removed reliance on ulp.",http://www.boost.org/LICENSE_1_0.txt
251,https://www.boost.org/doc/libs/latest/libs/lexical_cast/index.html,2025-11-03 16:35:30,success,,lexical_cast,Boost.Lexical_Cast,C++,,,std::stringstream (recommended for complex conversions); boost::numeric_cast (recommended for numeric conversions),Behavior Change,"Standard C++ libraries provide alternative APIs with better control for complex formatting or precision. Boost recommends these alternatives for advanced use cases, while lexical_cast is preferred for simpler conversions.",http://www.boost.org/LICENSE_1_0.txt
257,https://www.boost.org/doc/libs/latest/libs/bind/mem_fn.html,2025-11-03 16:35:38,success,,boost::mem_fn,Boost,C++,,,std::mem_fn,API Deprecation,"Standardization of the API in the C++ Standard Library. The functionality of boost::mem_fn was largely superseded by the standard implementation std::mem_fn, which provides compatibility and portability across different platforms.",https://www.boost.org/doc/libs
261,https://www.boost.org/doc/libs/latest/libs/move/index.html,2025-11-03 16:35:41,success,,Boost.Move,Boost C++ Libraries,C++,1.76 (GCC < 4.3 and MSVC < 9.0),next version (after 1.76 for GCC < 4.3 and MSVC < 9.0),,API Deprecation,"Older compiler versions (GCC < 4.3 and MSVC < 9.0) do not efficiently support C++ move semantics, and continued support would limit optimization and modern code development.",http://www.boost.org/LICENSE_1_0.txt
264,https://www.boost.org/doc/libs/latest/libs/mpl/index.html,2025-11-03 16:35:44,success,,Boost.MPL,Boost,C++,Before version 1.32,,,API Deprecation,"Major interface changes introduced in version 1.32, many of which are not backward compatible.",http://www.boost.org/LICENSE_1_0.txt
262,https://www.boost.org/doc/libs/latest/libs/mp11/index.html,2025-11-03 16:35:42,success,,Boost.Mp11,Boost,C++,1.75.0,1.74.0,mp_invoke_q,API Removal,mp_invoke was removed in favor of mp_invoke_q to improve clarity and consistency with other parts of the API.,https://www.boost.org/doc/libs/1_88_0/libs/mp11/doc/html/index.html#revision_history
274,https://www.boost.org/doc/libs/latest/libs/optional/index.html,2025-11-03 16:35:54,success,,optional,Boost.Optional,C++,,,std::optional,API Deprecation,"Boost.Optional provides functionality similar to std::optional, which was introduced in C++17 as a standardized and integrated solution within the language standard library.",http://www.boost.org/LICENSE_1_0.txt
273,https://www.boost.org/doc/libs/latest/libs/utility/operators.htm,2025-11-03 16:35:54,success,,boost::operators,Boost C++ Libraries,C++,,,boost::base class chaining (optional B parameter usage),Performance Optimization,"Older versions of Boost used multiple operator templates inheritance, causing significant object size bloating due to lack of compiler support for empty base class optimization in multi-inheritance scenarios. The new base class chaining approach avoids this issue and is applicable for all compilers.",http://www.boost.org/LICENSE_1_0.txt
278,https://www.boost.org/doc/libs/latest/libs/parser/index.html,2025-11-03 16:35:59,success,,parse(),Boost.Parser,C++,,,callback_parse(),Behavior Change,To support callback-based parsing without requiring users to rewrite parsing code.,http://www.boost.org/LICENSE_1_0.txt
280,https://www.boost.org/doc/libs/latest/libs/phoenix/index.html,2025-11-03 16:36:02,success,,Phoenix Functional Programming API,Boost.Phoenix,C++,3.2.0 (Boost 1.58.0),,lambda and let (updated implementations),API Deprecation,Enhancements in lambda and let to better support modern functional programming practices and align with newer standards.,http://www.boost.org/LICENSE_1_0.txt
281,https://www.boost.org/doc/libs/latest/libs/ptr_container/index.html,2025-11-03 16:36:04,success,,Boost.Pointer Container,Boost,C++,1.66.*,ISO C++17 (formal removal of std::auto_ptr),std::unique_ptr,API Deprecation,std::auto_ptr was formally removed as of ISO C++17 and replaced with the preferable std::unique_ptr. The change is to modernize the API and ensure compatibility with newer C++ standards.,Compatible Smart Pointer section of Boost.Pointer Container documentation
296,https://www.boost.org/doc/libs/latest/libs/range/index.html,2025-11-03 16:36:18,success,,Boost.Range,Boost,C++,1.55,,,API Deprecation,Upgrade required due to enhancements in range-based concepts and utilities for better efficiency and readability when compared to standard library alternatives.,http://www.boost.org/LICENSE_1_0.txt
297,https://www.boost.org/doc/libs/latest/libs/ratio/index.html,2025-11-03 16:36:20,success,,Boost.Ratio,boost,C++,Boost 1.84,,Standard <ratio> header,API Deprecation,"Since C++11 is universally available, Boost.Ratio's functionality has been implemented in terms of the standard <ratio> header for backward compatibility.",http://www.boost.org/LICENSE_1_0.txt
301,https://www.boost.org/doc/libs/latest/libs/regex/index.html,2025-11-03 16:36:25,success,,regex_format,Boost.Regex,C++,7.0.1,,,API Deprecation,The `regex_format` interface has been deprecated due to better alternatives and performance considerations in newer Boost.Regex capabilities.,http://www.boost.org/LICENSE_1_0.txt
302,https://www.boost.org/doc/libs/latest/libs/utility/doc/html/utility/utilities/result_of.html,2025-11-03 16:36:25,success,,boost::result_of,Boost Utility Library,C++,,,std::result_of,API Deprecation,"With the introduction of C++11, `std::result_of` often fulfills the same functionality as `boost::result_of`. Modern compilers with support for `decltype` make Boost's implementation redundant.",http://www.boost.org/LICENSE_1_0.txt
287,https://www.boost.org/doc/libs/latest/libs/process/index.html,2025-11-03 16:36:11,success,,Boost.Process V2,Boost,C++,2.0,,,API Deprecation,Redesign based on previous design mistakes and improvements in system APIs.,https://www.boost.org/doc/libs/2_0/libs/process/doc/html/index.html
304,https://www.boost.org/doc/libs/latest/libs/scope/index.html,2025-11-03 16:36:27,success,,Boost.Scope,Boost,C++,,,Boost.ScopeExit,API Deprecation,Boost.Scope offers simpler syntax with C++17 and new features for specific use cases compared to Boost.ScopeExit.,https://www.boost.org/LICENSE_1_0.txt
305,https://www.boost.org/doc/libs/latest/libs/scope_exit/index.html,2025-11-03 16:36:30,success,,BOOST_SCOPE_EXIT,Boost.ScopeExit,C++,Boost.ScopeExit 1.0.0,,,Parameter Change,"Alternative syntax introduced for specifying captured variables, allowing the use of comma-separated lists instead of Boost.Preprocessor sequences. Provides a simpler and preferred syntax while maintaining backward compatibility.",http://www.boost.org/LICENSE_1_0.txt
307,https://www.boost.org/doc/libs/latest/libs/signals2/index.html,2025-11-03 16:36:32,success,,Boost.Signals2,Boost C++ Libraries,C++,Original version deprecated in favor of Signals2 for thread-safety improvements,,Boost.Signals2,API Deprecation,"The original Boost.Signals library did not implement thread-safety features, which necessitated the introduction of Boost.Signals2 to modernize API usage and ensure robust connection management in multithreaded environments.",http://www.boost.org/LICENSE_1_0.txt
294,https://www.boost.org/doc/libs/latest/libs/qvm/index.html,2025-11-03 16:36:17,success,,slerp,Boost.QVM,C++,Boost 1.80,,"slerp180, slerp360",API Deprecation,"Previously the slerp function provided only slerp360 behavior under the name slerp. Due to ambiguity and discontinuities, explicitly named slerp180 and slerp360 were introduced.",https://boost.org/libs/qvm
310,https://www.boost.org/doc/libs/latest/libs/spirit/index.html,2025-11-03 16:36:34,success,,Spirit,Boost C++ Libraries,C++,V1.8.x,,Spirit.X3 (for C++14 compatibility),API Deprecation,Introduction of newer version with C++14 support and improved functionality.,http://www.boost.org/LICENSE_1_0.txt
312,https://www.boost.org/doc/libs/latest/libs/statechart/index.html,2025-11-03 16:36:37,success,,Boost.Statechart,Boost,C++,,,boost::fsm (renamed to Boost.Statechart),API Rename,Renaming of the library from boost::fsm to Boost.Statechart to better align with functionality and naming conventions.,http://www.boost.org/libs/statechart/
313,https://www.boost.org/doc/libs/latest/libs/static_assert/index.html,2025-11-03 16:36:38,success,,BOOST_STATIC_ASSERT,Boost.StaticAssert,C++,,,C++0x static_assert,API Deprecation,"C++ introduced the `static_assert` feature as part of the C++0x standard, which directly replaces the functionality of `BOOST_STATIC_ASSERT` with its native equivalent.",http://www.boost.org/LICENSE_1_0.txt
308,https://www.boost.org/doc/libs/latest/libs/smart_ptr/index.html,2025-11-03 16:36:34,success,,shared_array,Boost.SmartPtr,C++,,,shared_ptr<T[]> or shared_ptr<T[N]>,API Deprecation,shared_ptr to T[] or T[N] offers superior functionality and eliminates the need for shared_array.,https://www.boost.org/doc/libs/1_88_0/libs/smart_ptr/doc/html/smart_ptr.html
317,https://www.boost.org/doc/libs/latest/libs/utility/doc/html/utility/utilities/string_view.html,2025-11-03 16:36:42,success,,boost::string_ref,Boost.Utility,C++,boost 1.53,,boost::string_view,API Deprecation,string_ref was replaced to align with the Library Fundamentals TS (N4480) and to enhance compatibility with std::basic_string_view and support more constexpr features.,http://www.boost.org/LICENSE_1_0.txt
315,https://www.boost.org/doc/libs/latest/libs/stl_interfaces/index.html,2025-11-03 16:36:41,success,,iterator_interface,Boost.STLInterfaces,C++,C++20 version,,boost::stl_interfaces::v2::iterator_interface (C++20 version specifically constrained using concepts),Parameter Change,"Boost.STLInterfaces provided an implementation compatible with C++20 iterator concepts to simplify code and ensure alignment with evolving C++ standards. Additionally, the C++23 version introduced improvements using deducing this instead of CRTP for enhanced usability.",http://www.boost.org/LICENSE_1_0.txt
323,https://www.boost.org/doc/libs/latest/libs/timer/index.html,2025-11-03 16:36:49,success,,Boost Timer Library,Boost C++ Libraries,C++,Version 2,,Version 2 CPU timers,API Deprecation,"The original timers (version 1) were deprecated as they do not conform to modern Boost practices. Version 1 timers rely solely on C/C++ standard library functions, resulting in lower precision and lack of additional functionality compared to version 2.",https://www.boost.org/LICENSE_1_0.txt
322,https://www.boost.org/doc/libs/latest/libs/throw_exception/index.html,2025-11-03 16:36:48,success,,boost::throw_exception,Boost.ThrowException,C++,1.73.0,,boost::throw_with_location,Parameter Change,"An overload was added to include boost::source_location support, allowing the attachment of source location information to exceptions for better debugging.",https://www.boost.org/doc/libs/1_79_0/libs/exception/doc/boost-throw-exception.html
324,https://www.boost.org/doc/libs/latest/libs/tokenizer/index.html,2025-11-03 16:36:50,success,,char_delimiters_separator,Boost.Tokenizer,C++,Unknown (mentioned as 'Deprecated' without version),,char_separator or other TokenizerFunction models such as escaped_list_separator or offset_separator,API Deprecation,"This change was motivated by simplifying default functionalities and improving flexibility using isspace and ispunct in char_separator, as well as enhancing user-friendliness and reducing complexity.",http://www.boost.org/LICENSE_1_0.txt
319,https://www.boost.org/doc/libs/latest/libs/system/index.html,2025-11-03 16:36:44,success,,boost::system::throws,Boost.System,C++,Boost 1.69,Boost 1.69,,API Removal,"The object was deprecated and removed due to changes in API design, aiming to simplify error and exception handling",https://www.boost.org/doc/libs/1_69_0/libs/system/doc/index.html
330,https://www.boost.org/doc/libs/latest/libs/typeof/index.html,2025-11-03 16:36:56,success,,Boost.Typeof,Boost,C++,,,C++ built-in typeof/decltype and auto,API Deprecation,"Boost.Typeof was designed as a temporary solution to provide functionality for type deduction in C++ before native support was available via the standard typeof/decltype and auto keywords. These language features are now part of the C++ standard, making Boost.Typeof redundant.",http://www.boost.org/LICENSE_1_0.txt
332,https://www.boost.org/doc/libs/latest/libs/numeric/ublas/index.html,2025-11-03 16:36:59,success,,uBLAS,Boost Basic Linear Algebra Library,C++,2008,2009,"None (alternative libraries recommended - MTL4, Armadillo, Eigen)",API Deprecation,No significant updates or improvements since 2009. Misses modern C++ features (such as C++11). Other libraries provide better performance and cutting-edge features.,http://www.boost.org/LICENSE_1_0.txt
337,https://www.boost.org/doc/libs/latest/libs/uuid/index.html,2025-11-03 16:37:02,success,,random_generator_pure,boost/uuid,C++,Boost 1.86.0,,random_generator,API Deprecation,"random_generator_pure is deprecated in favor of random_generator, which uses a cryptographically strong random number generator and is the recommended approach to generate version 4 UUIDs.",Boost.Uuid documentation (https://www.boost.org/doc/libs/1_87_0/libs/uuid)
338,https://www.boost.org/doc/libs/latest/libs/utility/value_init.htm,2025-11-03 16:37:02,success,,value_initialized<T>,Boost Utility,C++,1.40.0,,initialized<T>,API Deprecation,"The previous versions of `value_initialized<T>` allowed non-const access to the wrapped object from a constant wrapper, causing obscure and unintended behavior. The updated version fixed this issue by supporting logical constness, and it's recommended to use `initialized<T>` for better initialization functionality.",http://www.boost.org/LICENSE_1_0.txt
341,https://www.boost.org/doc/libs/latest/libs/vmd/index.html,2025-11-03 16:37:07,success,,Variadic Macro Data Library (VMD),Boost C++ Libraries,C++,1.7,,VMD functionality updated and extended in version 1.8,API Deprecation,"Enhancements were made to extend functionality and improve support for variadic macros, preprocessor data types, and sequences.",https://www.boost.org/doc/libs/release/libs/vmd/doc/index.html
340,https://www.boost.org/doc/libs/latest/libs/variant2/index.html,2025-11-03 16:37:06,success,,boost::variant2,Boost C++ Libraries,C++,,,std::variant (from C++17 Standard Library),Performance Optimization,"Boost.Variant underwent changes to provide strong exception safety, a never-valueless guarantee, and performance improvements. While std::variant already existed for similar functionality, Boost.Variant2 was introduced to align more closely with std::variant, focusing on avoiding heap allocations and improving behavior in exceptional cases.",https://www.boost.org/doc/libs/1_88_0/libs/variant2/doc/html/index.html
371,https://www.boost.org/libraries/latest/grid/function-objects/,2025-11-03 16:37:32,success,,boost::bind,Bind,C++,,,std::bind,API Deprecation,"boost::bind was deprecated due to the availability of the standard std::bind function introduced in C++11, which offers similar functionality and is supported natively in the standard library.",https://www.boost.org/doc/libs/release/libs/bind/
391,https://www.boost.org/libraries/latest/grid/algorithms/,2025-11-03 16:37:44,success,,BOOST_FOREACH,Boost.Algorithms,C++,,,Range-based for loop (C++11 onward),API Deprecation,"Modern C++ introduced range-based for loops, which are more readable and less error-prone than BOOST_FOREACH.",https://www.boost.org (official site content not directly linking to a specific page)
400,https://www.boost.org/libraries/latest/grid/algorithms/,2025-11-03 16:37:50,success,,BOOST_FOREACH,Algorithms,C++03,,,std::ranges::for_each (introduced in C++20),API Deprecation,Introduced to mitigate boilerplate challenges in legacy C++. Modern standards now provide native and improved functionality for range-based iteration.,https://www.boost.org/doc/libs/latest/libs/algorithm/foreach.html
402,https://www.boost.org/libraries/latest/grid/algorithms/,2025-11-03 16:37:51,success,,BOOST_FOREACH,Algorithms,C++,,,std::for_each,API Recommendation,BOOST_FOREACH addresses the cumbersome syntax of iterators but modern C++ provides improved algorithms like std::for_each as standard alternatives.,https://www.boost.org/doc/libs
407,https://www.boost.org/libraries/latest/grid/algorithms/,2025-11-03 16:37:53,success,,BOOST_FOREACH,Algorithms,C++,1.89.0,,std::ranges::for_each,API Deprecation,Simplification of loop iteration and alignment with standard STL features introduced in modern C++.,https://boost.org/libs
405,https://www.boost.org/libraries/latest/grid/function-objects/,2025-11-03 16:37:53,success,,bind,Boost.Function,C++11,,,boost::phoenix,API Deprecation,boost::phoenix offers more functionality and supports a cleaner syntax for defining small unnamed function objects at the call site.,https://www.boost.org/doc/libs/latest/libs/bind/doc/html/index.html
420,https://www.boost.org/libraries/latest/grid/function-objects/,2025-11-03 16:38:02,success,,boost::bind,Bind,C++,,,std::bind,API Deprecation,"The C++ Standard Library provides std::bind, which offers similar functionality with broader standard adoption.",https://www.boost.org/doc/libs/release/libs/bind/doc/html/index.html
425,https://www.boost.org/libraries/latest/grid/function-objects/,2025-11-03 16:38:06,success,,boost::bind,Boost.Bind,C++,,,std::bind,API Deprecation,"boost::bind provided similar functionality to std::bind, but the latter became part of the standard library with C++11, making boost::bind redundant.",https://www.boost.org/doc/libs/1_89_0/libs/bind/doc/html/index.html
429,https://www.boost.org/libraries/latest/grid/function-objects/,2025-11-03 16:38:08,success,,boost::bind,Bind,C++,,,std::bind,API Deprecation,Standard library replacements have similar functionality and are preferred for better compatibility and support.,https://www.boost.org/doc/libs/1_89_0/libs/bind/doc/html/index.html
452,https://www.boost.org/libraries/latest/grid/function-objects/,2025-11-03 16:38:22,success,,boost::bind,Bind,C++,,,std::bind,API Deprecation,"C++11 introduced `std::bind`, which provides similar functionality and is part of the standard library, making it more portable and preferred over `boost::bind`.",https://www.boost.org/doc/libs/release/libs/bind/
477,https://www.boost.org/libraries/latest/grid/emulation/,2025-11-03 16:38:35,success,,BOOST_FOREACH,Algorithms,C++03,1.89.0,,std::for_each,API Deprecation,BOOST_FOREACH is being deprecated in favor of modern C++ constructs like range-based for loops and standard algorithms like std::for_each.,https://www.boost.org/doc/libs/1_89_0/doc/html/foreach.html
476,https://www.boost.org/libraries/latest/grid/emulation/,2025-11-03 16:38:35,success,,BOOST_FOREACH,Boost,C++03,,,std::ranges::for_each,API Deprecation,"With the introduction of modern C++ standards, such as C++20 ranges library, BOOST_FOREACH is largely superseded by the std::ranges functionality, which is more expressive and standardized.",https://www.boost.org/doc/libs/release/libs/foreach
481,https://www.boost.org/libraries/latest/grid/algorithms/,2025-11-03 16:38:38,success,,BOOST_FOREACH,Algorithms,C++03,1.74.0,,std::for_each (Standard Template Library),API Deprecation,BOOST_FOREACH became redundant due to advancements in the C++ standard library offering similar functionality with enhanced features.,https://www.boost.org/doc/libs/1_74_0/doc/html/BOOST_FOREACH.html
501,https://www.boost.org/libraries/latest/grid/emulation/,2025-11-03 16:38:49,success,,BOOST_FOREACH,Boost,C++,1.74.0,,Range-based for loops (C++11 and later),API Deprecation,Standardization of range-based for loops introduced in C++11 made BOOST_FOREACH redundant.,https://www.boost.org/doc/libs/1_74_0/doc/html/boost_foreach.html
502,https://www.boost.org/libraries/latest/grid/emulation/,2025-11-03 16:38:50,success,,BOOST_FOREACH,Boost,C++,,,std::for_each,API Deprecation,BOOST_FOREACH was deprecated due to the availability of more modern alternatives such as range-based for loops in C++11 and the std::for_each algorithm for managing iteration in a cleaner and more standard way.,https://www.boost.org/doc/libs/release/libs/foreach
534,https://www.boost.org/libraries/latest/grid/emulation/,2025-11-03 16:39:10,success,,BOOST_FOREACH,Boost,C++,1.79.0,,std::for_each and range-based for loop,API Deprecation,"Modern C++ versions provide range-based for loops and std::for_each, making BOOST_FOREACH redundant and less relevant.",https://www.boost.org/doc/libs/1_79_0/libs/foreach/doc/html/index.html
545,https://www.boost.org/libraries/latest/grid/data/,2025-11-03 16:39:16,success,,JSON,Boost,C++11,1.88.0,1.89.0,,API Deprecation,The JSON API in its earlier implementation lacked compliance with certain modern standards and was actively replaced by community-driven enhancements.,https://www.boost.org/doc/libs/1_88_0/libs/json/
557,https://www.boost.org/libraries/latest/grid/emulation/,2025-11-03 16:39:22,success,,BOOST_FOREACH,Boost,C++,,,std::ranges-based for loops,API Deprecation,"The BOOST_FOREACH construct introduced a simpler way to iterate over sequences compared to raw iterators. However, modern C++ standards, such as C++20, provide the `std::ranges` library to offer more streamlined and expressive iterators.",https://www.boost.org/doc/libs/1_89_0/doc/html/foreach.html
